iter,err
0,93.27414345577515
1,93.2575469268073
2,93.25415391013206
3,93.25233021261045
4,93.2511128306214
5,93.2502541949824
6,93.24963456988509
7,93.24916442703365
8,93.24879439815354
9,93.24849581668346
10,93.24825049037982
11,93.24804615555543
12,93.24787458347836
13,93.24772964637519
14,93.24760625042538
15,93.24750020916477
16,93.24740822901619
