iter,err
0,93.32960624590733
1,93.29139428292554
2,93.27821303113942
3,93.27269994849962
4,93.26986330371433
5,93.26816964339945
6,93.26705164709941
7,93.26626387608432
8,93.26568383209812
9,93.26524366531599
10,93.26490220915039
11,93.26463242802207
12,93.26441561455127
13,93.26423887666425
14,93.26409343595134
15,93.26397265726764
16,93.26387138491289
17,93.26378570948847
