iter,err
0,93.13795339544635
1,93.07146523653071
2,93.04560430664611
3,93.03404838184599
4,93.02819307609607
5,93.0248616598501
6,93.02276882641843
7,93.02135421240314
8,93.02034992845604
9,93.01961039096211
10,93.01905025026743
11,93.01861686367526
12,93.0182755635938
13,93.01800278549713
14,93.01778192825816
15,93.01760046470045
16,93.01744890636392
17,93.01732032358376
18,93.0172097469907
19,93.01711355526062
