iter,err
0,93.25681618650557
1,93.21204186903607
2,93.19570933327053
3,93.18873148783342
4,93.18523201072672
5,93.18321671266058
6,93.18192232862032
7,93.18102506762202
8,93.18037345204117
9,93.17988798446837
10,93.17951693770856
11,93.17922696558021
12,93.17899641424279
13,93.1788103680893
14,93.17865801446406
15,93.17853134187953
16,93.17842439058467
17,93.17833266951472
